{
    "empresa": "TechCorp",
    "departamentos": [
        {
            "nombre": "Desarrollo",
            "empleados": [
                {
                    "id": 101,
                    "nombre": "Ana Martínez",
                    "email": "ana.martinez@techcorp.com",
                    "salario": 45000.0,
                    "fechaContratacion": "2020-03-15",
                    "activo": true,
                    "habilidades": [
                        "Java",
                        "Spring",
                        "MySQL"
                    ]
                },
                {
                    "id": 102,
                    "nombre": "Carlos López",
                    "email": "carlos.lopez@techcorp.com",
                    "salario": 52000.0,
                    "fechaContratacion": "2019-07-22",
                    "activo": true,
                    "habilidades": [
                        "Python",
                        "Django",
                        "PostgreSQL"
                    ]
                }
            ]
        }
    ]
}