{
  "nombre": "EVGD",
  "cursos": [
    {
      "id": 1,
      "nombre": "Desarrollo Web",
      "descripcion": "Curso de HTML, CSS y JS",
      "instructor": "Jose Andres",
      "fechaInicio": "2024-09-01",
      "fechaFin": "2025-01-19",
      "precio": 219.99,
      "activo": true
    },
    {
      "id": 2,
      "nombre": "Programacion",
      "descripcion": "Curso de Java",
      "instructor": "Pedro Alcala",
      "fechaInicio": "2025-01-21",
      "fechaFin": "2025-07-01",
      "precio": 259.99,
      "activo": false
    }
  ],
  "estudiantes": [
    {
      "id": 1,
      "nombre": "Alejandro",
      "fechaNacimiento": "2005-05-25",
      "pais": "Cuba"
    },
    {
      "id": 2,
      "nombre": "Pedro",
      "fechaNacimiento": "2005-07-05",
      "pais": "España"
    },
    {
      "id": 3,
      "nombre": "Juan",
      "fechaNacimiento": "2006-09-02",
      "pais": "España"
    }
  ],
  "calificaciones": [
    {
      "estudianteid": 1,
      "nota": 9.6,
      "fecha": "2025-01-30",
      "comentarios": "Muy bien"
    },
    {
      "estudianteid": 3,
      "nota": 5.1,
      "fecha": "2025-01-30",
      "comentarios": "Mal planteado"
    },
    {
      "estudianteid": 2,
      "nota": 7.9,
      "fecha": "2025-01-31",
      "comentarios": "Bien"
    },
    {
      "estudianteid": 3,
      "nota": 6.0,
      "fecha": "2025-02-25",
      "comentarios": "Se puede Mejorar"
    }
  ]
}