<?xml version="1.0" encoding="UTF-8" standalone="no"?>
<universidad>
    <estudiante id="001">
        <nombre>María Rodríguez</nombre>
        <edad>20</edad>
        <carrera>Informática</carrera>
        <nota>9</nota>
    </estudiante>
    <estudiante id="002-modificado">
        <nombre>Pedro Martín</nombre>
        <edad>22</edad>
        <carrera>Matemáticas</carrera>
        <nota>7.2</nota>
    </estudiante>
    <estudiante id="003">
        <nombre>Laura González</nombre>
        <edad>21</edad>
        <carrera>Fisica</carrera>
        <nota>8.8</nota>
    </estudiante>
</universidad>