{
  "empresa": "VentasGlobal SA",
  "periodo": "2024",
  "regiones": [
    {
      "nombre": "Europa",
      "pais": "España",
      "moneda": "EUR",
      "ventas": [
        {
          "fecha": "2024-01-15T10:30:00",
          "vendedor": {
            "id": "V001",
            "nombre": "María García",
            "comision": 0.15
          },
          "cliente": {
            "tipo": "EMPRESA",
            "nombre": "Tech Solutions SL",
            "segmento": "PREMIUM"
          },
          "productos": [
            {
              "codigo": "SOFT-001",
              "nombre": "Licencia Software",
              "cantidad": 5,
              "precio_unitario": 299.99,
              "descuento": 0.1
            }
          ],
          "total": 1349.95,
          "metodo_pago": "TRANSFERENCIA"
        },
        {
          "fecha": "2024-03-12T09:45:00",
          "vendedor": {
            "id": "V002",
            "nombre": "Javier López",
            "comision": 0.12
          },
          "cliente": {
            "tipo": "PARTICULAR",
            "nombre": "Carlos Ruiz",
            "segmento": "ESTÁNDAR"
          },
          "productos": [
            {
              "codigo": "HW-002",
              "nombre": "Disco SSD 1TB",
              "cantidad": 2,
              "precio_unitario": 109.99,
              "descuento": 0.05
            },
            {
              "codigo": "HW-010",
              "nombre": "Memoria RAM 16GB",
              "cantidad": 1,
              "precio_unitario": 79.99,
              "descuento": 0.0
            }
          ],
          "total": 280.97,
          "metodo_pago": "TARJETA"
        }
      ]
    },
    {
      "nombre": "America del Norte",
      "pais": "Estados Unidos",
      "moneda": "USD",
      "ventas": [
        {
          "fecha": "2024-02-10T14:15:00",
          "vendedor": {
            "id": "V003",
            "nombre": "Emily Johnson",
            "comision": 0.10
          },
          "cliente": {
            "tipo": "EMPRESA",
            "nombre": "DataCorp Inc.",
            "segmento": "PREMIUM"
          },
          "productos": [
            {
              "codigo": "SW-050",
              "nombre": "Suscripción Cloud Pro",
              "cantidad": 12,
              "precio_unitario": 49.99,
              "descuento": 0.2
            }
          ],
          "total": 479.90,
          "metodo_pago": "PAYPAL"
        },
        {
          "fecha": "2024-06-21T17:00:00",
          "vendedor": {
            "id": "V004",
            "nombre": "Michael Brown",
            "comision": 0.08
          },
          "cliente": {
            "tipo": "PARTICULAR",
            "nombre": "Laura Smith",
            "segmento": "BÁSICO"
          },
          "productos": [
            {
              "codigo": "HW-200",
              "nombre": "Portátil ProBook 14",
              "cantidad": 1,
              "precio_unitario": 899.99,
              "descuento": 0.05
            },
            {
              "codigo": "ACC-015",
              "nombre": "Ratón inalámbrico",
              "cantidad": 1,
              "precio_unitario": 25.99,
              "descuento": 0.0
            }
          ],
          "total": 884.99,
          "metodo_pago": "TRANSFERENCIA"
        }
      ]
    },
    {
      "nombre": "Asia",
      "pais": "Japón",
      "moneda": "JPY",
      "ventas": [
        {
          "fecha": "2024-04-05T11:00:00",
          "vendedor": {
            "id": "V005",
            "nombre": "Yuki Tanaka",
            "comision": 0.14
          },
          "cliente": {
            "tipo": "EMPRESA",
            "nombre": "Nippon Tech Co.",
            "segmento": "PREMIUM"
          },
          "productos": [
            {
              "codigo": "HW-080",
              "nombre": "Servidor Rack XE500",
              "cantidad": 2,
              "precio_unitario": 250000,
              "descuento": 0.1
            },
            {
              "codigo": "SW-120",
              "nombre": "Paquete Seguridad Corporativa",
              "cantidad": 5,
              "precio_unitario": 40000,
              "descuento": 0.05
            }
          ],
          "total": 1045000,
          "metodo_pago": "TRANSFERENCIA"
        },
        {
          "fecha": "2024-08-11T09:00:00",
          "vendedor": {
            "id": "V006",
            "nombre": "Haruto Sato",
            "comision": 0.09
          },
          "cliente": {
            "tipo": "PARTICULAR",
            "nombre": "Keiko Arai",
            "segmento": "ESTÁNDAR"
          },
          "productos": [
            {
              "codigo": "GAD-050",
              "nombre": "Tablet Pro 11\"",
              "cantidad": 1,
              "precio_unitario": 75000,
              "descuento": 0.0
            }
          ],
          "total": 75000,
          "metodo_pago": "TARJETA"
        }
      ]
    },
    {
      "nombre": "Sudamerica",
      "pais": "Argentina",
      "moneda": "ARS",
      "ventas": [
        {
          "fecha": "2024-05-28T16:30:00",
          "vendedor": {
            "id": "V007",
            "nombre": "Sofía Pérez",
            "comision": 0.13
          },
          "cliente": {
            "tipo": "EMPRESA",
            "nombre": "Innovar SRL",
            "segmento": "ESTÁNDAR"
          },
          "productos": [
            {
              "codigo": "HW-300",
              "nombre": "Impresora 3D Pro",
              "cantidad": 3,
              "precio_unitario": 250000,
              "descuento": 0.15
            }
          ],
          "total": 637500,
          "metodo_pago": "TRANSFERENCIA"
        },
        {
          "fecha": "2024-09-02T10:15:00",
          "vendedor": {
            "id": "V008",
            "nombre": "Lucía Gómez",
            "comision": 0.11
          },
          "cliente": {
            "tipo": "PARTICULAR",
            "nombre": "Diego Morales",
            "segmento": "BÁSICO"
          },
          "productos": [
            {
              "codigo": "GAD-100",
              "nombre": "Auriculares inalámbricos",
              "cantidad": 2,
              "precio_unitario": 15000,
              "descuento": 0.05
            },
            {
              "codigo": "GAD-200",
              "nombre": "Smartwatch Deportivo",
              "cantidad": 1,
              "precio_unitario": 35000,
              "descuento": 0.1
            }
          ],
          "total": 60500,
          "metodo_pago": "EFECTIVO"
        }
      ]
    }
  ]
}